 - Plot 0; - Plot 0; - Plot 1; - Plot 1; - Plot 2; - Plot 2
481;198,6;481;200;481;383,9
482;201,6;482;200;482;368,7
483;200,5;483;200;483;374
484;203,5;484;200;484;358,7
485;200,7;485;200;485;372,6
486;200,7;486;200;486;372,7
487;199,1;487;200;487;380,6
488;197,9;488;200;488;386,9
489;199,5;489;200;489;379
490;206,7;490;200;490;342,1
491;203,3;491;200;491;358,9
492;202,9;492;200;492;360,7
493;201;493;200;493;370
494;198,8;494;200;494;381,3
495;199,2;495;200;495;379
496;193,5;496;200;496;408,5
497;200,6;497;200;497;373
498;204,8;498;200;498;351,1
499;202,3;499;200;499;363,6
500;203,8;500;200;500;355,9
501;200,1;501;200;501;374,1
502;198,4;502;200;502;383
503;204,2;503;200;503;353,2
504;200,1;504;200;504;374
505;199,2;505;200;505;378,5
506;205,4;506;200;506;347,1
507;198,7;507;200;507;380,4
508;200,1;508;200;508;373,7
509;198;509;200;509;384,4
510;204,5;510;200;510;351,5
511;207,6;511;200;511;335
512;195,2;512;200;512;397,6
513;193,3;513;200;513;407,9
514;200,2;514;200;514;373,5
515;198,6;515;200;515;381,5
516;196,3;516;200;516;393,3
517;200;517;200;517;374,6
518;197;518;200;518;389,9
519;206;519;200;519;344,3
520;190;520;200;520;425,3
521;198;521;200;521;385,8
522;198,9;522;200;522;381,3
523;193,9;523;200;523;406,9
524;198,9;524;200;524;381,9
525;194,8;525;200;525;403,2
526;193,5;526;200;526;410,3
527;196,6;527;200;527;395
528;191,7;528;200;528;420,2
529;204,1;529;200;529;357,8
530;196,8;530;200;530;394,7
531;196,3;531;200;531;397,6
532;197,5;532;200;532;391,6
533;198,7;533;200;533;385,8
534;196,2;534;200;534;398,9
535;203,4;535;200;535;362,6
536;200,2;536;200;536;378,4
537;209,4;537;200;537;331,4
538;205,8;538;200;538;349
539;200,5;539;200;539;375,6
540;204;540;200;540;357,4
541;198,6;541;200;541;384,8
542;200;542;200;542;377,4
543;198,5;543;200;543;385,5
544;205,4;544;200;544;350,4
545;198,1;545;200;545;386,8
546;199,9;546;200;546;378
547;194,4;547;200;547;406,2
548;198;548;200;548;388
549;199,3;549;200;549;381,6
550;200,5;550;200;550;375,7
551;203,4;551;200;551;361
552;193;552;200;552;413,6
553;199,2;553;200;553;382,8
554;203,3;554;200;554;362
555;197,1;555;200;555;393,1
556;200,5;556;200;556;375,9
557;198,5;557;200;557;386,1
558;197,4;558;200;558;392,1
559;199,3;559;200;559;382,8
560;192,3;560;200;560;418,2
561;198,1;561;200;561;389,6
562;196,2;562;200;562;399,5
563;201,3;563;200;563;374
564;206,2;564;200;564;348,8
565;204;565;200;565;359,3
566;203,3;566;200;566;362,4
567;206,6;567;200;567;345,4
568;200;568;200;568;378,3
569;200,6;569;200;569;375,2
570;203,5;570;200;570;360,6
571;201,2;571;200;571;371,7
572;202;572;200;572;367,5
573;203,5;573;200;573;359,5
574;203,5;574;200;574;359,1
575;201,4;575;200;575;369,5
576;207,3;576;200;576;339,5
577;199,7;577;200;577;377,5
578;199,2;578;200;578;380
579;196;579;200;579;396,4
580;196,7;580;200;580;393,2
581;202,9;581;200;581;361,9
582;200,9;582;200;582;371,9
583;204,2;583;200;583;354,9
584;203,5;584;200;584;358
585;206,1;585;200;585;344,6
586;196,2;586;200;586;394,4
587;205,4;587;200;587;347,7
588;197,4;588;200;588;388,2
589;200,3;589;200;589;373,5
590;200,9;590;200;590;370,3
591;198,3;591;200;591;383,8
592;191,5;592;200;592;418,6
593;200,4;593;200;593;373,8
594;196,2;594;200;594;395,2
595;205,4;595;200;595;348,8
596;195,3;596;200;596;399,7
597;200,1;597;200;597;376
598;203,2;598;200;598;360
599;200;599;200;599;375,7
600;200,6;600;200;600;372,7
601;197,8;601;200;601;387,2
602;199,3;602;200;602;379,7
603;198,2;603;200;603;385,5
604;196,3;604;200;604;395,1
605;199,7;605;200;605;378,3
606;197,5;606;200;606;389,4
607;198,1;607;200;607;386,5
608;201,9;608;200;608;367,7
609;204,4;609;200;609;354,8
610;204,8;610;200;610;352,2
611;198,2;611;200;611;385,4
612;201,4;612;200;612;369,2
613;201;613;200;613;371
614;195,9;614;200;614;396,8
615;202,7;615;200;615;362,8
616;195,4;616;200;616;399,4
617;203,7;617;200;617;358
618;203,9;618;200;618;356,3
619;201,2;619;200;619;369,6
620;203,2;620;200;620;359,3
621;200,6;621;200;621;372,2
622;204,5;622;200;622;352,3
623;198,7;623;200;623;381,6
624;197,2;624;200;624;389,1
625;201,3;625;200;625;368,8
626;200;626;200;626;375,4
627;203,1;627;200;627;359,6
628;200,6;628;200;628;371,9
629;195,7;629;200;629;396,6
630;194,9;630;200;630;401,2
631;188,7;631;200;631;433,4
632;198,8;632;200;632;383,2
633;202,3;633;200;633;365,1
634;202,9;634;200;634;362
635;207;635;200;635;340,6
636;199,3;636;200;636;379,3
637;197,3;637;200;637;389,4
638;201,8;638;200;638;367,1
639;197;639;200;639;391,5
640;201,1;640;200;640;370,5
641;198,5;641;200;641;383,7
642;198,3;642;200;642;385,1
643;206,1;643;200;643;345,3
644;202,6;644;200;644;362,7
645;199,4;645;200;645;378,6
646;197,2;646;200;646;389,8
647;197,5;647;200;647;388,8
648;200,7;648;200;648;372,8
649;194,5;649;200;649;404,4
650;196,5;650;200;650;394,5
651;197;651;200;651;392,5
652;200;652;200;652;377,3
653;194;653;200;653;408,1
654;196,6;654;200;654;395,5
655;197,6;655;200;655;390,7
656;198,7;656;200;656;385,4
657;203,4;657;200;657;361,3
658;191,8;658;200;658;420,1
659;193,7;659;200;659;411,4
660;205,4;660;200;660;352,4
661;203;661;200;661;363,9
662;200,8;662;200;662;374,7
663;205,1;663;200;663;352,8
664;204,1;664;200;664;357,4
665;204,5;665;200;665;354,8
666;197,2;666;200;666;392
667;201,8;667;200;667;368,4
668;200,7;668;200;668;374
669;204,6;669;200;669;354
670;202,1;670;200;670;366,5
671;207,6;671;200;671;338
672;203,5;672;200;672;358,1
673;198,3;673;200;673;384,6
674;201,8;674;200;674;366,8
675;199,8;675;200;675;376,6
676;205,5;676;200;676;347,8
677;209,7;677;200;677;325,7
678;202,8;678;200;678;360,1
679;193,7;679;200;679;406,1
680;205,9;680;200;680;344,7
681;206,6;681;200;681;340,4
682;193,3;682;200;682;407,3
683;195,2;683;200;683;398,6
684;200,1;684;200;684;373,8
685;200,4;685;200;685;372,3
686;197,2;686;200;686;388,6
687;197,7;687;200;687;386,3
688;199,2;688;200;688;379,1
689;196,7;689;200;689;391,6
690;195,9;690;200;690;396,5
691;198,1;691;200;691;385,6
692;195,9;692;200;692;396,8
693;201,2;693;200;693;370,2
694;195,2;694;200;694;400,6
695;197,9;695;200;695;387,5
696;204,5;696;200;696;353,9
697;199,8;697;200;697;377,5
698;199,5;698;200;698;379
699;200;699;200;699;376,6
700;199,7;700;200;700;378,2
701;198,4;701;200;701;384,5
702;204,1;702;200;702;355,6
703;195,1;703;200;703;401,4
704;204,8;704;200;704;352,3
705;200,7;705;200;705;372,8
706;200,6;706;200;706;373
707;197,7;707;200;707;388
708;200;708;200;708;376,2
709;204,7;709;200;709;352,5
710;203,5;710;200;710;358
711;204,8;711;200;711;351
712;198,4;712;200;712;383,1
713;201;713;200;713;370,3
714;199,7;714;200;714;376,5
715;200,5;715;200;715;372,8
716;196,2;716;200;716;394,3
717;192,8;717;200;717;412,5
718;196,4;718;200;718;394,7
719;204,2;719;200;719;355
720;192,9;720;200;720;412,2
721;205,1;721;200;721;351,1
722;201,9;722;200;722;366,9
723;207,4;723;200;723;338,4
724;197,2;724;200;724;389,7
725;206,3;725;200;725;343,8
726;205,8;726;200;726;345,3
727;195,9;727;200;727;395,4
728;195,8;728;200;728;396,4
729;195,7;729;200;729;397,5
730;196,5;730;200;730;393,6
731;198,8;731;200;731;382,1
732;199,3;732;200;732;379,6
733;205,3;733;200;733;349,1
734;200,6;734;200;734;372,6
735;197,4;735;200;735;389
736;198,8;736;200;736;382,1
737;200,1;737;200;737;375,5
738;197,3;738;200;738;390,1
739;198,3;739;200;739;384,9
740;192,8;740;200;740;413,1
741;198,1;741;200;741;386,9
742;194,6;742;200;742;405,2
743;198,1;743;200;743;387,7
744;198,1;744;200;744;387,9
745;201;745;200;745;373,2
746;203,4;746;200;746;361
747;203,7;747;200;747;359,1
748;199,7;748;200;748;379,3
749;195,7;749;200;749;399,4
750;200,7;750;200;750;374,2
751;200,1;751;200;751;377,6
752;197,1;752;200;752;392,6
753;203,8;753;200;753;358,9
754;205,4;754;200;754;350,5
755;198,6;755;200;755;384,4
756;196,3;756;200;756;396,3
757;200,1;757;200;757;377,5
758;204,5;758;200;758;355
759;203,9;759;200;759;357,5
760;201,9;760;200;760;367,4
761;207,9;761;200;761;336,7
762;197,9;762;200;762;386,8
763;197,6;763;200;763;388,5
764;205,3;764;200;764;349,5
765;200,5;765;200;765;373,3
766;203,8;766;200;766;356,3
767;200,3;767;200;767;374
768;198,4;768;200;768;383,7
769;204,1;769;200;769;354,8
770;195,8;770;200;770;396,5
771;197;771;200;771;390,8
772;202,3;772;200;772;364
773;199,6;773;200;773;377,9
774;201,1;774;200;774;370,2
775;200,8;775;200;775;371,4
776;201,1;776;200;776;370,2
777;189,8;777;200;777;427,7
778;196,2;778;200;778;395,7
779;191,4;779;200;779;420,6
780;199,8;780;200;780;378,5
781;195,5;781;200;781;400,6
782;197,4;782;200;782;391,6
783;202,1;783;200;783;367,8
784;203,7;784;200;784;359,4
785;201,6;785;200;785;369,9
786;203,3;786;200;786;361,1
787;199,6;787;200;787;379,5
788;201,5;788;200;788;369,9
789;194,4;789;200;789;406,1
790;204,6;790;200;790;354,2
791;199,4;791;200;791;380,7
792;199,3;792;200;792;381,2
793;202,9;793;200;793;362,7
794;209,2;794;200;794;330,3
795;195,8;795;200;795;397,9
796;197,6;796;200;796;389,2
797;199,9;797;200;797;377,5
798;205,2;798;200;798;350,3
799;196,3;799;200;799;395,6
800;202,8;800;200;800;362,6
801;197,3;801;200;801;390,3
802;202,4;802;200;802;364,5
803;195,4;803;200;803;400,2
804;198,5;804;200;804;384,9
805;202,1;805;200;805;366,5
806;197,4;806;200;806;390,4
807;198,2;807;200;807;386,5
808;193,5;808;200;808;410,4
809;198;809;200;809;388
810;202,7;810;200;810;364,6
811;206;811;200;811;347,5
812;205,6;812;200;812;348,9
813;204,1;813;200;813;356,2
814;198,4;814;200;814;384,8
815;197,2;815;200;815;391
816;197,2;816;200;816;391,3
817;200,2;817;200;817;376,3
818;200,8;818;200;818;373,3
819;199,6;819;200;819;379,3
820;199,9;820;200;820;377,5
821;200,9;821;200;821;372,6
822;200,2;822;200;822;376,2
823;205,2;823;200;823;350,7
824;201;824;200;824;371,5
825;198,2;825;200;825;385,5
826;198,4;826;200;826;384,8
827;202,7;827;200;827;363,1
828;201,7;828;200;828;367,6
829;189,3;829;200;829;430,9
830;198,6;830;200;830;384,3
831;199,6;831;200;831;379,4
832;201,3;832;200;832;371
833;200,7;833;200;833;374
834;192,3;834;200;834;416,8
835;199,8;835;200;835;379,1
836;198,2;836;200;836;387,2
837;197,9;837;200;837;388,9
838;205,3;838;200;838;351,3
839;194;839;200;839;408,7
840;202,4;840;200;840;366,4
841;193,5;841;200;841;411,3
842;196,5;842;200;842;397
843;198,7;843;200;843;386
844;197,6;844;200;844;391,8
845;196,7;845;200;845;396,5
846;204,1;846;200;846;359,2
847;201,6;847;200;847;371,4
848;203,5;848;200;848;361,8
849;201,2;849;200;849;372,9
850;203,2;850;200;850;362,9
851;197,6;851;200;851;390,8
852;203,2;852;200;852;362,4
853;201,6;853;200;853;370,5
854;208,1;854;200;854;337
855;201,3;855;200;855;370,8
856;199,6;856;200;856;379,6
857;206,8;857;200;857;342,8
858;204,1;858;200;858;355,8
859;200,6;859;200;859;373,5
860;206,7;860;200;860;342,1
861;203,8;861;200;861;356,1
862;197,2;862;200;862;389,9
863;204,6;863;200;863;352,2
864;201,3;864;200;864;368,4
865;205,7;865;200;865;345,8
866;203,5;866;200;866;356,8
867;204,5;867;200;867;351,4
868;202,6;868;200;868;360,4
869;200,6;869;200;869;370,4
870;200,2;870;200;870;372,5
871;204,3;871;200;871;351,2
872;203,4;872;200;872;355,5
873;199,9;873;200;873;373,1
874;194,5;874;200;874;400,5
875;201,7;875;200;875;364,6
876;195,9;876;200;876;393,6
877;193;877;200;877;408,9
878;206,5;878;200;878;340,8
879;202,4;879;200;879;361,3
880;203,9;880;200;880;353,5
881;200,6;881;200;881;369,6
882;200,3;882;200;882;371,3
883;197,7;883;200;883;384,6
884;203,1;884;200;884;356,9
885;192,5;885;200;885;410,7
886;192,6;886;200;886;411,3
887;197,1;887;200;887;389,1
888;191,8;888;200;888;416,3
889;200,8;889;200;889;370,9
890;205,3;890;200;890;348,2
891;200,5;891;200;891;372,3
892;194,7;892;200;892;401,4
893;199,8;893;200;893;375,9
894;203,3;894;200;894;358
895;200,4;895;200;895;372,6
896;195,3;896;200;896;398,8
897;205,8;897;200;897;345,9
898;201,2;898;200;898;368,6
899;196,3;899;200;899;393,5
900;198,1;900;200;900;384,4
901;198,8;901;200;901;381,3
902;196,3;902;200;902;394,1
903;201,9;903;200;903;366,1
904;192,4;904;200;904;414,1
905;193,5;905;200;905;409,1
906;193,6;906;200;906;409,6
907;197,8;907;200;907;388,7
908;197,3;908;200;908;391,6
909;195,8;909;200;909;399,5
910;197,1;910;200;910;393,1
911;192,8;911;200;911;415,5
912;199,2;912;200;912;383,6
913;199,5;913;200;913;382,1
914;196,6;914;200;914;397
915;204,1;915;200;915;359,1
916;201,5;916;200;916;371,9
917;200;917;200;917;379,4
918;197,6;918;200;918;391,7
919;203;919;200;919;364
920;201,8;920;200;920;370,3
921;205;921;200;921;353,8
922;207,2;922;200;922;342
923;207,1;923;200;923;341,8
924;201,3;924;200;924;370,6
925;199,9;925;200;925;377,4
926;196,5;926;200;926;394,9
927;195,8;927;200;927;399
928;200;928;200;928;377,6
929;210,6;929;200;929;323,9
930;206,4;930;200;930;343,9
931;197,6;931;200;931;388,1
932;200,7;932;200;932;372,8
933;192;933;200;933;417
934;203;934;200;934;361,6
935;201,6;935;200;935;368,7
936;200,1;936;200;936;376,1
937;198,9;937;200;937;382,1
938;199,3;938;200;938;380,1
939;200,6;939;200;939;373,9
940;195,5;940;200;940;399,6
941;198,4;941;200;941;385,4
942;200,7;942;200;942;373,6
943;197;943;200;943;392,5
944;197,9;944;200;944;388,1
945;204,5;945;200;945;355
946;201;946;200;946;372,1
947;199,5;947;200;947;379,9
948;196,3;948;200;948;396,3
949;195,1;949;200;949;402,7
950;201,4;950;200;950;371,1
951;198,8;951;200;951;383,9
952;203,2;952;200;952;361,8
953;203,3;953;200;953;361
954;205,4;954;200;954;349,8
955;198,4;955;200;955;385
956;200,7;956;200;956;373,5
957;200,5;957;200;957;374,5
958;202,8;958;200;958;362,5
959;201,6;959;200;959;368,7
960;205,2;960;200;960;349,9
961;204,3;961;200;961;353,8
962;202,1;962;200;962;365,1
963;196,6;963;200;963;392,9
964;202,1;964;200;964;365,2
965;211,2;965;200;965;318,4
966;204,6;966;200;966;351
967;201,4;967;200;967;366,8
968;201,5;968;200;968;366
969;203,4;969;200;969;356,4
970;201,1;970;200;970;367,4
971;200,4;971;200;971;371
972;193,7;972;200;972;405,1
973;202,9;973;200;973;359,1
974;201,9;974;200;974;363,8
975;192,1;975;200;975;413,8
976;204,7;976;200;976;350,2
977;198;977;200;977;383,9
978;198,4;978;200;978;382,1
979;197,5;979;200;979;386,6
980;206;980;200;980;343,8
981;196,5;981;200;981;391,7
982;192,9;982;200;982;410,2
983;193;983;200;983;410,2
984;196,5;984;200;984;393
985;203,4;985;200;985;358,5
986;198,6;986;200;986;382,6
987;190,6;987;200;987;423,6
988;191,8;988;200;988;418,4
989;194,1;989;200;989;407,4
990;198,5;990;200;990;385,5
991;192,5;991;200;991;416,4
992;200,7;992;200;992;375,4
993;199,8;993;200;993;379,6
994;194,5;994;200;994;406,7
995;198,2;995;200;995;388,3
996;200,7;996;200;996;375,9
997;196,9;997;200;997;395,4
998;207,6;998;200;998;340,8
999;202,4;999;200;999;366,8
1000;198,5;1000;200;1000;386,6
1001;203,1;1001;200;1001;362,9
1002;199,4;1002;200;1002;381,6
1003;197,4;1003;200;1003;391,7
1004;199;1004;200;1004;384
1005;193;1005;200;1005;414,9
1006;204,7;1006;200;1006;355,8
1007;198,7;1007;200;1007;385,9
1008;201,8;1008;200;1008;370
1009;203,8;1009;200;1009;359,7
1010;203,9;1010;200;1010;359
1011;206;1011;200;1011;347,9
1012;199,4;1012;200;1012;380,7
1013;204,5;1013;200;1013;354,9
1014;197,8;1014;200;1014;388,7
1015;206,2;1015;200;1015;345,8
1016;203,3;1016;200;1016;359,9
1017;202,1;1017;200;1017;366,2
1018;205,7;1018;200;1018;347,4
1019;200,4;1019;200;1019;373,8
1020;197,2;1020;200;1020;390,1
1021;204,8;1021;200;1021;351,8
1022;206,4;1022;200;1022;342,7
1023;203,5;1023;200;1023;357,1
1024;201,2;1024;200;1024;368,5
1025;196;1025;200;1025;395,1
1026;195,8;1026;200;1026;396,4
1027;193,9;1027;200;1027;406,6
1028;194,1;1028;200;1028;406
1029;198;1029;200;1029;386,6
1030;200,2;1030;200;1030;375,7
1031;205,5;1031;200;1031;348,7
1032;189,8;1032;200;1032;427,9
1033;203,3;1033;200;1033;360,4
1034;198,8;1034;200;1034;382,9
1035;200,5;1035;200;1035;374,5
1036;201,7;1036;200;1036;368,5
1037;204,5;1037;200;1037;354
1038;201,5;1038;200;1038;368,7
1039;202,8;1039;200;1039;361,7
1040;201,9;1040;200;1040;366,2
1041;190,2;1041;200;1041;425,8
1042;196,7;1042;200;1042;393,6
1043;202,3;1043;200;1043;365,1
1044;197,1;1044;200;1044;391,4
1045;200,1;1045;200;1045;376,7
1046;194,4;1046;200;1046;405,8
1047;198,6;1047;200;1047;384,7
1048;201,7;1048;200;1048;369,3
1049;199;1049;200;1049;382,8
1050;203,2;1050;200;1050;361,3
1051;202,8;1051;200;1051;363,1
1052;197,9;1052;200;1052;387,6
1053;199,5;1053;200;1053;380
1054;201,7;1054;200;1054;368,6
1055;199,9;1055;200;1055;377,9
1056;200,6;1056;200;1056;374,4
1057;207,1;1057;200;1057;340,8
1058;200,1;1058;200;1058;375,7
1059;199,1;1059;200;1059;381,2
1060;204,7;1060;200;1060;352,5
1061;199,4;1061;200;1061;379,3
1062;198,2;1062;200;1062;385,5
1063;201,8;1063;200;1063;367
1064;197,7;1064;200;1064;387,7
1065;202,8;1065;200;1065;362,2
1066;204,4;1066;200;1066;353,8
1067;204,8;1067;200;1067;351,1
1068;194,4;1068;200;1068;403,7
1069;197,3;1069;200;1069;389,5
1070;205,1;1070;200;1070;349,9
1071;197,1;1071;200;1071;390,5
1072;199;1072;200;1072;381,1
1073;192,4;1073;200;1073;414,6
1074;202,4;1074;200;1074;364,5
1075;199;1075;200;1075;381,6
1076;196,9;1076;200;1076;392,2
1077;200,4;1077;200;1077;374,6
1078;196,8;1078;200;1078;393,1
1079;209;1079;200;1079;330,9
1080;198,5;1080;200;1080;383,9
1081;200,8;1081;200;1081;372,2
1082;206,8;1082;200;1082;341,8
1083;205,4;1083;200;1083;347,9
1084;200;1084;200;1084;374,9
1085;198,1;1085;200;1085;384,9
1086;205,5;1086;200;1086;347
1087;202,2;1087;200;1087;363,4
1088;203,6;1088;200;1088;356
1089;203;1089;200;1089;359
1090;198;1090;200;1090;383,8
1091;195,9;1091;200;1091;394,8
1092;199,3;1092;200;1092;378,1
1093;203,9;1093;200;1093;354,7
1094;202;1094;200;1094;363,9
1095;200,6;1095;200;1095;370,6
1096;197;1096;200;1096;388,9
1097;197;1097;200;1097;389,6
1098;194,1;1098;200;1098;404,6
1099;192,1;1099;200;1099;415,2
1100;203,9;1100;200;1100;355,8
1101;198,6;1101;200;1101;382,5
1102;201,6;1102;200;1102;367,6
1103;195,3;1103;200;1103;399,4
1104;198,1;1104;200;1104;385,4
1105;199,7;1105;200;1105;377,4
1106;202,8;1106;200;1106;361,7
1107;198;1107;200;1107;386,1
1108;198,2;1108;200;1108;385,4
1109;193,1;1109;200;1109;411,2
1110;203,7;1110;200;1110;357,9
1111;191,7;1111;200;1111;418,9
1112;196,6;1112;200;1112;394,4
1113;206;1113;200;1113;347,3
1114;203;1114;200;1114;361,6
1115;210,6;1115;200;1115;322,9
1116;195;1116;200;1116;401
1117;196,4;1117;200;1117;394,3
1118;200,3;1118;200;1118;375,2
1119;198,3;1119;200;1119;385,2
1120;199,5;1120;200;1120;379
1121;204,4;1121;200;1121;354,5
1122;205,3;1122;200;1122;349,3
1123;199;1123;200;1123;380,7
1124;201,4;1124;200;1124;368,9
1125;202,6;1125;200;1125;362,7
1126;193,7;1126;200;1126;407,7
1127;194,9;1127;200;1127;402
1128;195,1;1128;200;1128;401,8
1129;199,9;1129;200;1129;377,8
1130;197,4;1130;200;1130;390,4
1131;194,1;1131;200;1131;407,2
1132;197,3;1132;200;1132;391,6
1133;208,8;1133;200;1133;333,5
1134;199,4;1134;200;1134;380,2
1135;195,5;1135;200;1135;400,2
1136;198,4;1136;200;1136;386,2
1137;194,8;1137;200;1137;404,3
1138;203,3;1138;200;1138;361,8
1139;195,6;1139;200;1139;400,8
1140;204,6;1140;200;1140;355
1141;195,7;1141;200;1141;400,2
1142;203,1;1142;200;1142;362,8
1143;202,2;1143;200;1143;367
1144;195;1144;200;1144;403,4
1145;204,8;1145;200;1145;354,1
1146;202,5;1146;200;1146;365,6
1147;199,4;1147;200;1147;381,1
1148;199,7;1148;200;1148;379,3
1149;201,3;1149;200;1149;371,2
1150;197,1;1150;200;1150;392,6
1151;195,9;1151;200;1151;399,2
1152;200,9;1152;200;1152;373,9
1153;202;1153;200;1153;368,1
1154;205,9;1154;200;1154;348,1
1155;204,7;1155;200;1155;353,6
1156;203,1;1156;200;1156;361,3
1157;201,9;1157;200;1157;367
1158;197;1158;200;1158;392
1159;195,3;1159;200;1159;400,8
1160;201,9;1160;200;1160;367,9
1161;203,9;1161;200;1161;357,5
1162;195,6;1162;200;1162;399,5
1163;203,5;1163;200;1163;359,4
1164;193,6;1164;200;1164;409,5
1165;199,6;1165;200;1165;379,8
1166;201,9;1166;200;1166;368
1167;194,4;1167;200;1167;405,8
1168;198,8;1168;200;1168;384,3
1169;197,2;1169;200;1169;392,4
1170;197,3;1170;200;1170;392
1171;192;1171;200;1171;419,6
1172;196,6;1172;200;1172;396,6
1173;205,1;1173;200;1173;353,6
1174;200,6;1174;200;1174;376
1175;199,4;1175;200;1175;382,3
1176;196,2;1176;200;1176;398,7
1177;205,6;1177;200;1177;351
1178;200;1178;200;1178;379,1
1179;203,1;1179;200;1179;363,2
1180;200,3;1180;200;1180;377
1181;200,8;1181;200;1181;374,8
1182;207,7;1182;200;1182;339,3
1183;198,6;1183;200;1183;384,9
1184;202,3;1184;200;1184;366,2
1185;202,6;1185;200;1185;364,4
1186;197;1186;200;1186;392,9
1187;195,1;1187;200;1187;402,9
1188;200,4;1188;200;1188;376,4
1189;200,3;1189;200;1189;376,9
1190;199,2;1190;200;1190;382,5
1191;201,6;1191;200;1191;370,2
1192;199,8;1192;200;1192;379,4
1193;201;1193;200;1193;373,3
1194;204,3;1194;200;1194;356,3
1195;203,5;1195;200;1195;359,9
1196;202,1;1196;200;1196;366,9
1197;201,2;1197;200;1197;371,1
1198;198;1198;200;1198;387,4
1199;205,4;1199;200;1199;349,5
1200;200,4;1200;200;1200;374,5
1201;200,6;1201;200;1201;373,4
1202;206,9;1202;200;1202;341,2
1203;205,5;1203;200;1203;347,9
1204;195,8;1204;200;1204;396,8
1205;208,8;1205;200;1205;330,8
1206;208,1;1206;200;1206;333,4
1207;202,3;1207;200;1207;362,2
1208;205,2;1208;200;1208;347,2
1209;202,2;1209;200;1209;362,2
1210;201,2;1210;200;1210;366,8
1211;193,8;1211;200;1211;404,8
1212;204;1212;200;1212;353,2
1213;207,5;1213;200;1213;334,9
1214;200,9;1214;200;1214;367,7
1215;201;1215;200;1215;367,1
1216;205,9;1216;200;1216;342
1217;201;1217;200;1217;366,5
1218;192,8;1218;200;1218;408,3
1219;204,1;1219;200;1219;351,2
1220;201;1220;200;1220;366,5
1221;194,8;1221;200;1221;398,5
1222;189,7;1222;200;1222;424,8
1223;200;1223;200;1223;373,4
1224;198,1;1224;200;1224;382,9
1225;199,8;1225;200;1225;374,5
1226;201,3;1226;200;1226;366,8
1227;193,5;1227;200;1227;406,8
1228;194,5;1228;200;1228;402,3
1229;201,5;1229;200;1229;366,8
1230;195,5;1230;200;1230;397,6
1231;199,7;1231;200;1231;376,4
1232;193,5;1232;200;1232;408,2
1233;192,6;1233;200;1233;413,2
1234;203;1234;200;1234;361,1
1235;197,5;1235;200;1235;388,6
1236;198,2;1236;200;1236;385,6
1237;197;1237;200;1237;391,7
1238;199,5;1238;200;1238;379,3
1239;200,8;1239;200;1239;372,7
1240;200,2;1240;200;1240;375,9
1241;198,8;1241;200;1241;382,7
1242;199,8;1242;200;1242;377,7
1243;195,6;1243;200;1243;399,2
1244;204,7;1244;200;1244;353,2
1245;203;1245;200;1245;361,3
1246;197,7;1246;200;1246;388,2
1247;198,3;1247;200;1247;385,5
1248;198,9;1248;200;1248;382,3
1249;199,5;1249;200;1249;379,4
1250;198,1;1250;200;1250;386,6
1251;203,8;1251;200;1251;358,1
1252;196,5;1252;200;1252;394,7
1253;195,4;1253;200;1253;400,7
1254;198;1254;200;1254;388,1
1255;196,4;1255;200;1255;396,3
1256;202,5;1256;200;1256;365,5
1257;198,7;1257;200;1257;384,9
1258;203,4;1258;200;1258;360,8
1259;203;1259;200;1259;362,3
1260;203,5;1260;200;1260;359,9
1261;201,6;1261;200;1261;368,9
1262;199,8;1262;200;1262;377,9
1263;199,4;1263;200;1263;380,1
1264;198;1264;200;1264;387,3
1265;201,5;1265;200;1265;369,6
1266;208;1266;200;1266;336,5
1267;197,8;1267;200;1267;387,6
1268;199,9;1268;200;1268;377
1269;197,6;1269;200;1269;388,8
1270;206,3;1270;200;1270;344,8
1271;201;1271;200;1271;370,8
1272;197,3;1272;200;1272;389,7
1273;197,3;1273;200;1273;390,3
1274;199,3;1274;200;1274;380,1
1275;204,3;1275;200;1275;354,9
1276;202,9;1276;200;1276;361,5
1277;198,2;1277;200;1277;385
1278;200,5;1278;200;1278;373,4
1279;200,5;1279;200;1279;373,5
1280;198,2;1280;200;1280;385,1
1281;206;1281;200;1281;345,7
1282;209,3;1282;200;1282;328,1
1283;197,4;1283;200;1283;387,9
1284;201,7;1284;200;1284;366,1
1285;200,4;1285;200;1285;372,9
1286;201;1286;200;1286;369,9
1287;197,6;1287;200;1287;387
1288;204,7;1288;200;1288;351
1289;201,5;1289;200;1289;366,9
1290;207,3;1290;200;1290;336,8
1291;202,9;1291;200;1291;358,5
1292;197,2;1292;200;1292;387,5
1293;203,5;1293;200;1293;355,8
1294;202,7;1294;200;1294;359,4
1295;198,3;1295;200;1295;381,7
1296;209,7;1296;200;1296;323,8
1297;197,5;1297;200;1297;384,7
1298;198,9;1298;200;1298;377,9
1299;196,4;1299;200;1299;390,9
1300;203;1300;200;1300;357,5
1301;202,9;1301;200;1301;357,8
1302;202;1302;200;1302;362,2
1303;192;1303;200;1303;412,9
1304;200,9;1304;200;1304;368
1305;203,1;1305;200;1305;356,8
1306;198,8;1306;200;1306;378,5
1307;191,3;1307;200;1307;417
1308;196,3;1308;200;1308;392,3
1309;199,5;1309;200;1309;376,1
1310;197,2;1310;200;1310;388,1
1311;199,1;1311;200;1311;378,8
1312;201,7;1312;200;1312;365,3
1313;195,5;1313;200;1313;397
1314;198,4;1314;200;1314;382,5
1315;197,5;1315;200;1315;387,6
1316;196,3;1316;200;1316;393,5
1317;195,4;1317;200;1317;398,8
1318;201,5;1318;200;1318;368
1319;199,1;1319;200;1319;380,3
1320;203;1320;200;1320;360,3
1321;204,8;1321;200;1321;351
1322;202;1322;200;1322;364,7
1323;204,9;1323;200;1323;349,5
1324;197,4;1324;200;1324;387,7
1325;198;1325;200;1325;384,6
1326;196,9;1326;200;1326;390,6
1327;192,8;1327;200;1327;411,8
1328;194,7;1328;200;1328;402,5
1329;193,8;1329;200;1329;408
1330;203;1330;200;1330;361,3
1331;197,4;1331;200;1331;390
1332;196,9;1332;200;1332;392,5
1333;192,8;1333;200;1333;413,9
1334;187,7;1334;200;1334;440,3
1335;200,3;1335;200;1335;377,3
1336;195,6;1336;200;1336;401,5
1337;197,3;1337;200;1337;393,2
1338;202,9;1338;200;1338;364,8
1339;202,2;1339;200;1339;368,3
1340;202,6;1340;200;1340;365,8
1341;201,3;1341;200;1341;372,1
1342;202,6;1342;200;1342;365,5
1343;201,2;1343;200;1343;372,3
1344;202,4;1344;200;1344;366,4
1345;201,4;1345;200;1345;371,3
1346;203,3;1346;200;1346;361,1
1347;198;1347;200;1347;387,8
1348;200,2;1348;200;1348;377
1349;209;1349;200;1349;331,9
1350;202,6;1350;200;1350;363,8
1351;201;1351;200;1351;371,5
1352;199,2;1352;200;1352;380,9
1353;197,5;1353;200;1353;389,7
1354;200,9;1354;200;1354;372,6
1355;204;1355;200;1355;356,5
1356;199,2;1356;200;1356;380,7
1357;200,8;1357;200;1357;372,6
1358;201,1;1358;200;1358;371,1
1359;201,4;1359;200;1359;369,5
1360;198,4;1360;200;1360;384,4
1361;194,9;1361;200;1361;402,2
1362;199,2;1362;200;1362;381,1
1363;187,8;1363;200;1363;439,4
1364;201,4;1364;200;1364;371,2
1365;197,1;1365;200;1365;392,8
1366;202,5;1366;200;1366;365,7
1367;201,4;1367;200;1367;371
1368;200,1;1368;200;1368;377,5
1369;202,6;1369;200;1369;364,8
1370;202,4;1370;200;1370;365,6
1371;202,1;1371;200;1371;366,7
1372;204,9;1372;200;1372;352,1
1373;201,1;1373;200;1373;371,4
1374;198,7;1374;200;1374;383,3
1375;202,2;1375;200;1375;365,6
1376;206,2;1376;200;1376;344,8
1377;203,8;1377;200;1377;356,7
1378;200;1378;200;1378;375,3
1379;198;1379;200;1379;385,8
1380;199,8;1380;200;1380;377
1381;197,3;1381;200;1381;389,8
1382;203,9;1382;200;1382;356,1
1383;204,2;1383;200;1383;354,4
1384;193,3;1384;200;1384;409,3
1385;193,7;1385;200;1385;408
1386;202,8;1386;200;1386;362,2
1387;203;1387;200;1387;361,1
1388;201,5;1388;200;1388;368,4
1389;197,1;1389;200;1389;390,6
1390;201;1390;200;1390;371
1391;207,1;1391;200;1391;339,8
1392;200,7;1392;200;1392;371,8
1393;202,7;1393;200;1393;361,6
1394;196,3;1394;200;1394;393,6
1395;197,6;1395;200;1395;387,4
1396;200,8;1396;200;1396;371,7
1397;192,5;1397;200;1397;414
1398;195,8;1398;200;1398;397,7
1399;200,7;1399;200;1399;373,3
1400;198,1;1400;200;1400;386,3
1401;199,1;1401;200;1401;381,5
1402;195,8;1402;200;1402;398,5
1403;199;1403;200;1403;382,5
1404;204,8;1404;200;1404;352,9
1405;201,6;1405;200;1405;368,7
1406;196,6;1406;200;1406;394
1407;201,8;1407;200;1407;367,7
1408;197,8;1408;200;1408;388,1
1409;192,4;1409;200;1409;416,1
1410;200,2;1410;200;1410;376,8
1411;203,7;1411;200;1411;359,1
1412;200,4;1412;200;1412;375,3
1413;198,5;1413;200;1413;385
1414;197,9;1414;200;1414;388,2
1415;196,4;1415;200;1415;396
1416;201,6;1416;200;1416;370,2
1417;195,9;1417;200;1417;398,8
1418;207,1;1418;200;1418;342,2
1419;204,2;1419;200;1419;356,3
1420;203,3;1420;200;1420;360,5
1421;199,5;1421;200;1421;379,7
1422;202,9;1422;200;1422;362
1423;199,4;1423;200;1423;380
1424;194,7;1424;200;1424;404
1425;189,8;1425;200;1425;429,1
1426;199,6;1426;200;1426;380,5
1427;201,4;1427;200;1427;371
1428;203,3;1428;200;1428;361,6
1429;201,3;1429;200;1429;371,1
1430;192,6;1430;200;1430;415,4
1431;196,7;1431;200;1431;395,6
1432;203,3;1432;200;1432;362
1433;196,1;1433;200;1433;398,3
1434;200,5;1434;200;1434;376,3
1435;199,2;1435;200;1435;382,8
1436;198,1;1436;200;1436;388,5
1437;201,6;1437;200;1437;371
1438;203,3;1438;200;1438;362,1
1439;199,9;1439;200;1439;379,4
1440;200,5;1440;200;1440;376,2
1441;199;1441;200;1441;383,7
1442;206,3;1442;200;1442;346,4
1443;206,5;1443;200;1443;345,1
1444;200,6;1444;200;1444;374,4
1445;200,4;1445;200;1445;375,6
1446;201,7;1446;200;1446;368,7
1447;205,5;1447;200;1447;348,9
1448;200,7;1448;200;1448;373,3
1449;198,1;1449;200;1449;386
1450;196,7;1450;200;1450;393,4
1451;196;1451;200;1451;397,3
1452;193,1;1452;200;1452;412,7
1453;202,2;1453;200;1453;366,9
1454;205,6;1454;200;1454;349,3
1455;194,6;1455;200;1455;404,9
1456;198,7;1456;200;1456;384,7
1457;201,6;1457;200;1457;370,1
1458;192,8;1458;200;1458;414,6
1459;194,8;1459;200;1459;405,1
1460;207;1460;200;1460;343,4
1461;207,8;1461;200;1461;338,8
1462;206,9;1462;200;1462;342,3
1463;199,8;1463;200;1463;377,7
1464;204,5;1464;200;1464;353,9
1465;198,4;1465;200;1465;384,9
1466;196;1466;200;1466;397,2
1467;200,6;1467;200;1467;374
1468;203,5;1468;200;1468;358,9
1469;201,6;1469;200;1469;368,6
1470;199,2;1470;200;1470;380,8
1471;199,7;1471;200;1471;378
1472;197,1;1472;200;1472;391,2
1473;204,5;1473;200;1473;354
1474;199,4;1474;200;1474;379,5
1475;202,9;1475;200;1475;362
1476;198,3;1476;200;1476;385
1477;200,6;1477;200;1477;373,6
1478;198,7;1478;200;1478;383,2
1479;198,6;1479;200;1479;383,8
1480;202,5;1480;200;1480;363,8
